set_name,n_features,accuracy,precision,recall,f1_score,roc_auc,cv_score
sentiment_only,2,0.45021117255192233,0.943476932477849,0.4341957255343082,0.5947038998555609,0.558981078660385,0.5518489981086482
stance_only,1,0.1965428658510036,0.9388127853881278,0.14454443194600675,0.2505178506153284,0.5137834500837609,0.5118981169081456
readability_only,7,0.8312361213915618,0.935846230654019,0.8785620547431571,0.9062998597882319,0.5713469455573112,0.5527474561414885
sentiment_stance,3,0.4918361126834153,0.9391984004362447,0.4843457067866517,0.6391044868425121,0.5476512899100365,0.5428395563649834
sentiment_readability,9,0.8615404711107241,0.9354374520337683,0.9140419947506562,0.924615968139579,0.5792102857161248,0.5624943399122889
all_features,10,0.8617146340401446,0.9348659003831418,0.9148856392950881,0.9247678605268145,0.5815434982414445,0.5596435097193014
