accuracy,precision,recall,f1_score,auc
0.9283754952758305,0.9283754952758305,1.0,0.9628575944365418,0.541624031459722
