accuracy,precision,recall,f1_score,roc_auc,avg_precision,cv_mean,cv_std
0.8973551345592663,0.9318599477705775,0.9598027495517035,0.9456249693281641,0.576891404862448,0.9433105193292536,0.5726898117933882,0.0028522265563586413
