accuracy,precision,recall,f1_score,roc_auc,avg_precision,cv_mean,cv_std
0.9439529389967113,0.9463001514004542,0.9962641960549911,0.9706396195282927,0.9322694547237351,0.9938518365274185,0.9292469438681898,0.004650633051762555
