accuracy,precision,recall,f1_score,roc_auc,avg_precision,cv_mean,cv_std
0.8614533896460138,0.9347222222222222,0.9147450318710161,0.9246257343187417,0.5773596443071838,0.9412263761563308,0.5594953022577617,0.01139484965306923
